lat,lng
-75.59648808339455,6.268740408123466
-75.5897025987435,6.268740408123466
-75.58291711409245,6.268740408123466
-75.5761316294414,6.268740408123466
-75.56934614479036,6.268740408123466
-75.56256066013931,6.268740408123466
-75.55577517548828,6.268740408123466
-75.54898969083723,6.268740408123466
-75.54220420618618,6.268740408123466
-75.53541872153514,6.268740408123466
-75.52863323688409,6.268740408123466
-75.52184775223304,6.268740408123466
-75.515062267582,6.268740408123466
-75.50827678293095,6.268740408123466
-75.5014912982799,6.268740408123466
-75.49470581362885,6.268740408123466
-75.71184132246233,6.268740408123466
-75.70505583781129,6.268740408123466
-75.69827035316024,6.268740408123466
-75.69148486850919,6.268740408123466
-75.68469938385815,6.268740408123466
-75.6779138992071,6.268740408123466
-75.67112841455605,6.268740408123466
-75.664342929905,6.268740408123466
-75.65755744525396,6.268740408123466
-75.65077196060291,6.268740408123466
-75.64398647595186,6.268740408123466
-75.63720099130082,6.268740408123466
-75.63041550664978,6.268740408123466
-75.62363002199874,6.268740408123466
-75.61684453734769,6.268740408123466
-75.61005905269664,6.268740408123466
-75.6032735680456,6.268740408123466
-75.59309534106903,6.266793319731221
-75.58630985641798,6.266793319731221
-75.57952437176694,6.266793319731221
-75.57273888711589,6.266793319731221
-75.56595340246484,6.266793319731221
-75.5591679178138,6.266793319731221
-75.55238243316275,6.266793319731221
-75.5455969485117,6.266793319731221
-75.53881146386065,6.266793319731221
-75.5320259792096,6.266793319731221
-75.52524049455856,6.266793319731221
-75.51845500990751,6.266793319731221
-75.51166952525648,6.266793319731221
-75.50488404060543,6.266793319731221
-75.49809855595439,6.266793319731221
-75.49131307130334,6.266793319731221
-75.7084485801368,6.266793319731221
-75.70166309548576,6.266793319731221
-75.69487761083471,6.266793319731221
-75.68809212618366,6.266793319731221
-75.68130664153261,6.266793319731221
-75.67452115688158,6.266793319731221
-75.66773567223053,6.266793319731221
-75.66095018757949,6.266793319731221
-75.65416470292844,6.266793319731221
-75.6473792182774,6.266793319731221
-75.64059373362635,6.266793319731221
-75.6338082489753,6.266793319731221
-75.62702276432425,6.266793319731221
-75.6202372796732,6.266793319731221
-75.61345179502216,6.266793319731221
-75.60666631037111,6.266793319731221
-75.59988082572006,6.266793319731221
-75.59648808339455,6.264846231338977
-75.5897025987435,6.264846231338977
-75.58291711409245,6.264846231338977
-75.5761316294414,6.264846231338977
-75.56934614479036,6.264846231338977
-75.56256066013931,6.264846231338977
-75.55577517548828,6.264846231338977
-75.54898969083723,6.264846231338977
-75.54220420618618,6.264846231338977
-75.53541872153514,6.264846231338977
-75.52863323688409,6.264846231338977
-75.52184775223304,6.264846231338977
-75.515062267582,6.264846231338977
-75.50827678293095,6.264846231338977
-75.5014912982799,6.264846231338977
-75.49470581362885,6.264846231338977
-75.71184132246233,6.264846231338977
-75.70505583781129,6.264846231338977
-75.69827035316024,6.264846231338977
-75.69148486850919,6.264846231338977
-75.68469938385815,6.264846231338977
-75.6779138992071,6.264846231338977
-75.67112841455605,6.264846231338977
-75.664342929905,6.264846231338977
-75.65755744525396,6.264846231338977
-75.65077196060291,6.264846231338977
-75.64398647595186,6.264846231338977
-75.63720099130082,6.264846231338977
-75.63041550664978,6.264846231338977
-75.62363002199874,6.264846231338977
-75.61684453734769,6.264846231338977
-75.61005905269664,6.264846231338977
-75.6032735680456,6.264846231338977
-75.59988082572006,6.262899142946732
-75.59309534106903,6.262899142946732
-75.58630985641798,6.262899142946732
-75.57952437176694,6.262899142946732
-75.57273888711589,6.262899142946732
-75.56595340246484,6.262899142946732
-75.5591679178138,6.262899142946732
-75.55238243316275,6.262899142946732
-75.5455969485117,6.262899142946732
-75.53881146386065,6.262899142946732
-75.5320259792096,6.262899142946732
-75.52524049455856,6.262899142946732
-75.51845500990751,6.262899142946732
-75.51166952525648,6.262899142946732
-75.50488404060543,6.262899142946732
-75.49809855595439,6.262899142946732
-75.49131307130334,6.262899142946732
-75.7084485801368,6.262899142946732
-75.70166309548576,6.262899142946732
-75.69487761083471,6.262899142946732
-75.68809212618366,6.262899142946732
-75.68130664153261,6.262899142946732
-75.67452115688158,6.262899142946732
-75.66773567223053,6.262899142946732
-75.66095018757949,6.262899142946732
-75.65416470292844,6.262899142946732
-75.6473792182774,6.262899142946732
-75.64059373362635,6.262899142946732
-75.6338082489753,6.262899142946732
-75.62702276432425,6.262899142946732
-75.6202372796732,6.262899142946732
-75.61345179502216,6.262899142946732
-75.60666631037111,6.262899142946732
-75.59648808339455,6.260952054554488
-75.5897025987435,6.260952054554488
-75.58291711409245,6.260952054554488
-75.5761316294414,6.260952054554488
-75.56934614479036,6.260952054554488
-75.56256066013931,6.260952054554488
-75.55577517548828,6.260952054554488
-75.54898969083723,6.260952054554488
-75.54220420618618,6.260952054554488
-75.53541872153514,6.260952054554488
-75.52863323688409,6.260952054554488
-75.52184775223304,6.260952054554488
-75.515062267582,6.260952054554488
-75.50827678293095,6.260952054554488
-75.5014912982799,6.260952054554488
-75.49470581362885,6.260952054554488
-75.48792032897781,6.260952054554488
-75.71184132246233,6.260952054554488
-75.70505583781129,6.260952054554488
-75.69827035316024,6.260952054554488
-75.69148486850919,6.260952054554488
-75.68469938385815,6.260952054554488
-75.6779138992071,6.260952054554488
-75.67112841455605,6.260952054554488
-75.664342929905,6.260952054554488
-75.65755744525396,6.260952054554488
-75.65077196060291,6.260952054554488
-75.64398647595186,6.260952054554488
-75.63720099130082,6.260952054554488
-75.63041550664978,6.260952054554488
-75.62363002199874,6.260952054554488
-75.61684453734769,6.260952054554488
-75.61005905269664,6.260952054554488
-75.6032735680456,6.260952054554488
-75.59988082572006,6.259004966162243
-75.59309534106903,6.259004966162243
-75.58630985641798,6.259004966162243
-75.57952437176694,6.259004966162243
-75.57273888711589,6.259004966162243
-75.56595340246484,6.259004966162243
-75.5591679178138,6.259004966162243
-75.55238243316275,6.259004966162243
-75.5455969485117,6.259004966162243
-75.53881146386065,6.259004966162243
-75.5320259792096,6.259004966162243
-75.52524049455856,6.259004966162243
-75.51845500990751,6.259004966162243
-75.51166952525648,6.259004966162243
-75.50488404060543,6.259004966162243
-75.49809855595439,6.259004966162243
-75.49131307130334,6.259004966162243
-75.7084485801368,6.259004966162243
-75.70166309548576,6.259004966162243
-75.69487761083471,6.259004966162243
-75.68809212618366,6.259004966162243
-75.68130664153261,6.259004966162243
-75.67452115688158,6.259004966162243
-75.66773567223053,6.259004966162243
-75.66095018757949,6.259004966162243
-75.65416470292844,6.259004966162243
-75.6473792182774,6.259004966162243
-75.64059373362635,6.259004966162243
-75.6338082489753,6.259004966162243
-75.62702276432425,6.259004966162243
-75.6202372796732,6.259004966162243
-75.61345179502216,6.259004966162243
-75.60666631037111,6.259004966162243
-75.6032735680456,6.2570578777699986
-75.59648808339455,6.2570578777699986
-75.5897025987435,6.2570578777699986
-75.58291711409245,6.2570578777699986
-75.5761316294414,6.2570578777699986
-75.56934614479036,6.2570578777699986
-75.56256066013931,6.2570578777699986
-75.55577517548828,6.2570578777699986
-75.54898969083723,6.2570578777699986
-75.54220420618618,6.2570578777699986
-75.53541872153514,6.2570578777699986
-75.52863323688409,6.2570578777699986
-75.52184775223304,6.2570578777699986
-75.515062267582,6.2570578777699986
-75.50827678293095,6.2570578777699986
-75.5014912982799,6.2570578777699986
-75.49470581362885,6.2570578777699986
-75.48792032897781,6.2570578777699986
-75.70505583781129,6.2570578777699986
-75.69827035316024,6.2570578777699986
-75.69148486850919,6.2570578777699986
-75.68469938385815,6.2570578777699986
-75.6779138992071,6.2570578777699986
-75.67112841455605,6.2570578777699986
-75.664342929905,6.2570578777699986
-75.65755744525396,6.2570578777699986
-75.65077196060291,6.2570578777699986
-75.64398647595186,6.2570578777699986
-75.63720099130082,6.2570578777699986
-75.63041550664978,6.2570578777699986
-75.62363002199874,6.2570578777699986
-75.61684453734769,6.2570578777699986
-75.61005905269664,6.2570578777699986
-75.59988082572006,6.2551107893777536
-75.59309534106903,6.2551107893777536
-75.58630985641798,6.2551107893777536
-75.57952437176694,6.2551107893777536
-75.57273888711589,6.2551107893777536
-75.56595340246484,6.2551107893777536
-75.5591679178138,6.2551107893777536
-75.55238243316275,6.2551107893777536
-75.5455969485117,6.2551107893777536
-75.53881146386065,6.2551107893777536
-75.5320259792096,6.2551107893777536
-75.52524049455856,6.2551107893777536
-75.51845500990751,6.2551107893777536
-75.51166952525648,6.2551107893777536
-75.50488404060543,6.2551107893777536
-75.49809855595439,6.2551107893777536
-75.49131307130334,6.2551107893777536
-75.48452758665229,6.2551107893777536
-75.7084485801368,6.2551107893777536
-75.70166309548576,6.2551107893777536
-75.69487761083471,6.2551107893777536
-75.68809212618366,6.2551107893777536
-75.68130664153261,6.2551107893777536
-75.67452115688158,6.2551107893777536
-75.66773567223053,6.2551107893777536
-75.66095018757949,6.2551107893777536
-75.65416470292844,6.2551107893777536
-75.6473792182774,6.2551107893777536
-75.64059373362635,6.2551107893777536
-75.6338082489753,6.2551107893777536
-75.62702276432425,6.2551107893777536
-75.6202372796732,6.2551107893777536
-75.61345179502216,6.2551107893777536
-75.60666631037111,6.2551107893777536
-75.6032735680456,6.253163700985509
-75.59648808339455,6.253163700985509
-75.5897025987435,6.253163700985509
-75.58291711409245,6.253163700985509
-75.5761316294414,6.253163700985509
-75.56934614479036,6.253163700985509
-75.56256066013931,6.253163700985509
-75.55577517548828,6.253163700985509
-75.54898969083723,6.253163700985509
-75.54220420618618,6.253163700985509
-75.53541872153514,6.253163700985509
-75.52863323688409,6.253163700985509
-75.52184775223304,6.253163700985509
-75.515062267582,6.253163700985509
-75.50827678293095,6.253163700985509
-75.5014912982799,6.253163700985509
-75.49470581362885,6.253163700985509
-75.48792032897781,6.253163700985509
-75.70505583781129,6.253163700985509
-75.69827035316024,6.253163700985509
-75.69148486850919,6.253163700985509
-75.68469938385815,6.253163700985509
-75.6779138992071,6.253163700985509
-75.67112841455605,6.253163700985509
-75.664342929905,6.253163700985509
-75.65755744525396,6.253163700985509
-75.65077196060291,6.253163700985509
-75.64398647595186,6.253163700985509
-75.63720099130082,6.253163700985509
-75.63041550664978,6.253163700985509
-75.62363002199874,6.253163700985509
-75.61684453734769,6.253163700985509
-75.61005905269664,6.253163700985509
-75.60666631037111,6.251216612593264
-75.59988082572006,6.251216612593264
-75.59309534106903,6.251216612593264
-75.58630985641798,6.251216612593264
-75.57952437176694,6.251216612593264
-75.57273888711589,6.251216612593264
-75.56595340246484,6.251216612593264
-75.5591679178138,6.251216612593264
-75.55238243316275,6.251216612593264
-75.5455969485117,6.251216612593264
-75.53881146386065,6.251216612593264
-75.5320259792096,6.251216612593264
-75.52524049455856,6.251216612593264
-75.51845500990751,6.251216612593264
-75.51166952525648,6.251216612593264
-75.50488404060543,6.251216612593264
-75.49809855595439,6.251216612593264
-75.49131307130334,6.251216612593264
-75.48452758665229,6.251216612593264
-75.7084485801368,6.251216612593264
-75.70166309548576,6.251216612593264
-75.69487761083471,6.251216612593264
-75.68809212618366,6.251216612593264
-75.68130664153261,6.251216612593264
-75.67452115688158,6.251216612593264
-75.66773567223053,6.251216612593264
-75.66095018757949,6.251216612593264
-75.65416470292844,6.251216612593264
-75.6473792182774,6.251216612593264
-75.64059373362635,6.251216612593264
-75.6338082489753,6.251216612593264
-75.62702276432425,6.251216612593264
-75.6202372796732,6.251216612593264
-75.61345179502216,6.251216612593264
-75.6032735680456,6.24926952420102
-75.59648808339455,6.24926952420102
-75.5897025987435,6.24926952420102
-75.58291711409245,6.24926952420102
-75.5761316294414,6.24926952420102
-75.56934614479036,6.24926952420102
-75.56256066013931,6.24926952420102
-75.55577517548828,6.24926952420102
-75.54898969083723,6.24926952420102
-75.54220420618618,6.24926952420102
-75.53541872153514,6.24926952420102
-75.52863323688409,6.24926952420102
-75.52184775223304,6.24926952420102
-75.515062267582,6.24926952420102
-75.50827678293095,6.24926952420102
-75.5014912982799,6.24926952420102
-75.49470581362885,6.24926952420102
-75.48792032897781,6.24926952420102
-75.48113484432676,6.24926952420102
-75.70505583781129,6.24926952420102
-75.69827035316024,6.24926952420102
-75.69148486850919,6.24926952420102
-75.68469938385815,6.24926952420102
-75.6779138992071,6.24926952420102
-75.67112841455605,6.24926952420102
-75.664342929905,6.24926952420102
-75.65755744525396,6.24926952420102
-75.65077196060291,6.24926952420102
-75.64398647595186,6.24926952420102
-75.63720099130082,6.24926952420102
-75.63041550664978,6.24926952420102
-75.62363002199874,6.24926952420102
-75.61684453734769,6.24926952420102
-75.61005905269664,6.24926952420102
-75.60666631037111,6.247322435808775
-75.59988082572006,6.247322435808775
-75.59309534106903,6.247322435808775
-75.58630985641798,6.247322435808775
-75.57952437176694,6.247322435808775
-75.57273888711589,6.247322435808775
-75.56595340246484,6.247322435808775
-75.5591679178138,6.247322435808775
-75.55238243316275,6.247322435808775
-75.5455969485117,6.247322435808775
-75.53881146386065,6.247322435808775
-75.5320259792096,6.247322435808775
-75.52524049455856,6.247322435808775
-75.51845500990751,6.247322435808775
-75.51166952525648,6.247322435808775
-75.50488404060543,6.247322435808775
-75.49809855595439,6.247322435808775
-75.49131307130334,6.247322435808775
-75.48452758665229,6.247322435808775
-75.47774210200124,6.247322435808775
-75.7084485801368,6.247322435808775
-75.70166309548576,6.247322435808775
-75.69487761083471,6.247322435808775
-75.68809212618366,6.247322435808775
-75.68130664153261,6.247322435808775
-75.67452115688158,6.247322435808775
-75.66773567223053,6.247322435808775
-75.66095018757949,6.247322435808775
-75.65416470292844,6.247322435808775
-75.6473792182774,6.247322435808775
-75.64059373362635,6.247322435808775
-75.6338082489753,6.247322435808775
-75.62702276432425,6.247322435808775
-75.6202372796732,6.247322435808775
-75.61345179502216,6.247322435808775
-75.61005905269664,6.24537534741653
-75.6032735680456,6.24537534741653
-75.59648808339455,6.24537534741653
-75.5897025987435,6.24537534741653
-75.58291711409245,6.24537534741653
-75.5761316294414,6.24537534741653
-75.56934614479036,6.24537534741653
-75.56256066013931,6.24537534741653
-75.55577517548828,6.24537534741653
-75.54898969083723,6.24537534741653
-75.54220420618618,6.24537534741653
-75.53541872153514,6.24537534741653
-75.52863323688409,6.24537534741653
-75.52184775223304,6.24537534741653
-75.515062267582,6.24537534741653
-75.50827678293095,6.24537534741653
-75.5014912982799,6.24537534741653
-75.49470581362885,6.24537534741653
-75.48792032897781,6.24537534741653
-75.48113484432676,6.24537534741653
-75.71184132246233,6.24537534741653
-75.70505583781129,6.24537534741653
-75.69827035316024,6.24537534741653
-75.69148486850919,6.24537534741653
-75.68469938385815,6.24537534741653
-75.6779138992071,6.24537534741653
-75.67112841455605,6.24537534741653
-75.664342929905,6.24537534741653
-75.65755744525396,6.24537534741653
-75.65077196060291,6.24537534741653
-75.64398647595186,6.24537534741653
-75.63720099130082,6.24537534741653
-75.63041550664978,6.24537534741653
-75.62363002199874,6.24537534741653
-75.61684453734769,6.24537534741653
-75.60666631037111,6.243428259024286
-75.59988082572006,6.243428259024286
-75.59309534106903,6.243428259024286
-75.58630985641798,6.243428259024286
-75.57952437176694,6.243428259024286
-75.57273888711589,6.243428259024286
-75.56595340246484,6.243428259024286
-75.5591679178138,6.243428259024286
-75.55238243316275,6.243428259024286
-75.5455969485117,6.243428259024286
-75.53881146386065,6.243428259024286
-75.5320259792096,6.243428259024286
-75.52524049455856,6.243428259024286
-75.51845500990751,6.243428259024286
-75.51166952525648,6.243428259024286
-75.50488404060543,6.243428259024286
-75.49809855595439,6.243428259024286
-75.49131307130334,6.243428259024286
-75.48452758665229,6.243428259024286
-75.47774210200124,6.243428259024286
-75.7084485801368,6.243428259024286
-75.70166309548576,6.243428259024286
-75.69487761083471,6.243428259024286
-75.68809212618366,6.243428259024286
-75.68130664153261,6.243428259024286
-75.67452115688158,6.243428259024286
-75.66773567223053,6.243428259024286
-75.66095018757949,6.243428259024286
-75.65416470292844,6.243428259024286
-75.6473792182774,6.243428259024286
-75.64059373362635,6.243428259024286
-75.6338082489753,6.243428259024286
-75.62702276432425,6.243428259024286
-75.6202372796732,6.243428259024286
-75.61345179502216,6.243428259024286
-75.61005905269664,6.241481170632041
-75.6032735680456,6.241481170632041
-75.59648808339455,6.241481170632041
-75.5897025987435,6.241481170632041
-75.58291711409245,6.241481170632041
-75.5761316294414,6.241481170632041
-75.56934614479036,6.241481170632041
-75.56256066013931,6.241481170632041
-75.55577517548828,6.241481170632041
-75.54898969083723,6.241481170632041
-75.54220420618618,6.241481170632041
-75.53541872153514,6.241481170632041
-75.52863323688409,6.241481170632041
-75.52184775223304,6.241481170632041
-75.515062267582,6.241481170632041
-75.50827678293095,6.241481170632041
-75.5014912982799,6.241481170632041
-75.49470581362885,6.241481170632041
-75.48792032897781,6.241481170632041
-75.48113484432676,6.241481170632041
-75.70505583781129,6.241481170632041
-75.69827035316024,6.241481170632041
-75.69148486850919,6.241481170632041
-75.68469938385815,6.241481170632041
-75.6779138992071,6.241481170632041
-75.67112841455605,6.241481170632041
-75.664342929905,6.241481170632041
-75.65755744525396,6.241481170632041
-75.65077196060291,6.241481170632041
-75.64398647595186,6.241481170632041
-75.63720099130082,6.241481170632041
-75.63041550664978,6.241481170632041
-75.62363002199874,6.241481170632041
-75.61684453734769,6.241481170632041
-75.61345179502216,6.239534082239797
-75.60666631037111,6.239534082239797
-75.59988082572006,6.239534082239797
-75.59309534106903,6.239534082239797
-75.58630985641798,6.239534082239797
-75.57952437176694,6.239534082239797
-75.57273888711589,6.239534082239797
-75.56595340246484,6.239534082239797
-75.5591679178138,6.239534082239797
-75.55238243316275,6.239534082239797
-75.5455969485117,6.239534082239797
-75.53881146386065,6.239534082239797
-75.5320259792096,6.239534082239797
-75.52524049455856,6.239534082239797
-75.51845500990751,6.239534082239797
-75.51166952525648,6.239534082239797
-75.50488404060543,6.239534082239797
-75.49809855595439,6.239534082239797
-75.49131307130334,6.239534082239797
-75.48452758665229,6.239534082239797
-75.47774210200124,6.239534082239797
-75.70166309548576,6.239534082239797
-75.69487761083471,6.239534082239797
-75.68809212618366,6.239534082239797
-75.68130664153261,6.239534082239797
-75.67452115688158,6.239534082239797
-75.66773567223053,6.239534082239797
-75.66095018757949,6.239534082239797
-75.65416470292844,6.239534082239797
-75.6473792182774,6.239534082239797
-75.64059373362635,6.239534082239797
-75.6338082489753,6.239534082239797
-75.62702276432425,6.239534082239797
-75.6202372796732,6.239534082239797
-75.61005905269664,6.237586993847552
-75.6032735680456,6.237586993847552
-75.59648808339455,6.237586993847552
-75.5897025987435,6.237586993847552
-75.58291711409245,6.237586993847552
-75.5761316294414,6.237586993847552
-75.56934614479036,6.237586993847552
-75.56256066013931,6.237586993847552
-75.55577517548828,6.237586993847552
-75.54898969083723,6.237586993847552
-75.54220420618618,6.237586993847552
-75.53541872153514,6.237586993847552
-75.52863323688409,6.237586993847552
-75.52184775223304,6.237586993847552
-75.515062267582,6.237586993847552
-75.50827678293095,6.237586993847552
-75.5014912982799,6.237586993847552
-75.49470581362885,6.237586993847552
-75.48792032897781,6.237586993847552
-75.48113484432676,6.237586993847552
-75.47434935967573,6.237586993847552
-75.69827035316024,6.237586993847552
-75.69148486850919,6.237586993847552
-75.68469938385815,6.237586993847552
-75.6779138992071,6.237586993847552
-75.67112841455605,6.237586993847552
-75.664342929905,6.237586993847552
-75.65755744525396,6.237586993847552
-75.65077196060291,6.237586993847552
-75.64398647595186,6.237586993847552
-75.63720099130082,6.237586993847552
-75.63041550664978,6.237586993847552
-75.62363002199874,6.237586993847552
-75.61684453734769,6.237586993847552
-75.61345179502216,6.235639905455308
-75.60666631037111,6.235639905455308
-75.59988082572006,6.235639905455308
-75.59309534106903,6.235639905455308
-75.58630985641798,6.235639905455308
-75.57952437176694,6.235639905455308
-75.57273888711589,6.235639905455308
-75.56595340246484,6.235639905455308
-75.5591679178138,6.235639905455308
-75.55238243316275,6.235639905455308
-75.5455969485117,6.235639905455308
-75.53881146386065,6.235639905455308
-75.5320259792096,6.235639905455308
-75.52524049455856,6.235639905455308
-75.51845500990751,6.235639905455308
-75.51166952525648,6.235639905455308
-75.50488404060543,6.235639905455308
-75.49809855595439,6.235639905455308
-75.49131307130334,6.235639905455308
-75.48452758665229,6.235639905455308
-75.47774210200124,6.235639905455308
-75.70166309548576,6.235639905455308
-75.69487761083471,6.235639905455308
-75.68809212618366,6.235639905455308
-75.68130664153261,6.235639905455308
-75.67452115688158,6.235639905455308
-75.66773567223053,6.235639905455308
-75.66095018757949,6.235639905455308
-75.65416470292844,6.235639905455308
-75.6473792182774,6.235639905455308
-75.64059373362635,6.235639905455308
-75.6338082489753,6.235639905455308
-75.62702276432425,6.235639905455308
-75.6202372796732,6.235639905455308
-75.61684453734769,6.233692817063063
-75.61005905269664,6.233692817063063
-75.6032735680456,6.233692817063063
-75.59648808339455,6.233692817063063
-75.5897025987435,6.233692817063063
-75.58291711409245,6.233692817063063
-75.5761316294414,6.233692817063063
-75.56934614479036,6.233692817063063
-75.56256066013931,6.233692817063063
-75.55577517548828,6.233692817063063
-75.54898969083723,6.233692817063063
-75.54220420618618,6.233692817063063
-75.53541872153514,6.233692817063063
-75.52863323688409,6.233692817063063
-75.52184775223304,6.233692817063063
-75.515062267582,6.233692817063063
-75.50827678293095,6.233692817063063
-75.5014912982799,6.233692817063063
-75.49470581362885,6.233692817063063
-75.48792032897781,6.233692817063063
-75.48113484432676,6.233692817063063
-75.69827035316024,6.233692817063063
-75.69148486850919,6.233692817063063
-75.68469938385815,6.233692817063063
-75.6779138992071,6.233692817063063
-75.67112841455605,6.233692817063063
-75.664342929905,6.233692817063063
-75.65755744525396,6.233692817063063
-75.65077196060291,6.233692817063063
-75.64398647595186,6.233692817063063
-75.63720099130082,6.233692817063063
-75.63041550664978,6.233692817063063
-75.62363002199874,6.233692817063063
-75.61345179502216,6.231745728670819
-75.60666631037111,6.231745728670819
-75.59988082572006,6.231745728670819
-75.59309534106903,6.231745728670819
-75.58630985641798,6.231745728670819
-75.57952437176694,6.231745728670819
-75.57273888711589,6.231745728670819
-75.56595340246484,6.231745728670819
-75.5591679178138,6.231745728670819
-75.55238243316275,6.231745728670819
-75.5455969485117,6.231745728670819
-75.53881146386065,6.231745728670819
-75.5320259792096,6.231745728670819
-75.52524049455856,6.231745728670819
-75.51845500990751,6.231745728670819
-75.51166952525648,6.231745728670819
-75.50488404060543,6.231745728670819
-75.49809855595439,6.231745728670819
-75.49131307130334,6.231745728670819
-75.48452758665229,6.231745728670819
-75.47774210200124,6.231745728670819
-75.70166309548576,6.231745728670819
-75.69487761083471,6.231745728670819
-75.68809212618366,6.231745728670819
-75.68130664153261,6.231745728670819
-75.67452115688158,6.231745728670819
-75.66773567223053,6.231745728670819
-75.66095018757949,6.231745728670819
-75.65416470292844,6.231745728670819
-75.6473792182774,6.231745728670819
-75.64059373362635,6.231745728670819
-75.6338082489753,6.231745728670819
-75.62702276432425,6.231745728670819
-75.6202372796732,6.231745728670819
-75.61684453734769,6.229798640278574
-75.61005905269664,6.229798640278574
-75.6032735680456,6.229798640278574
-75.59648808339455,6.229798640278574
-75.5897025987435,6.229798640278574
-75.58291711409245,6.229798640278574
-75.5761316294414,6.229798640278574
-75.56934614479036,6.229798640278574
-75.56256066013931,6.229798640278574
-75.55577517548828,6.229798640278574
-75.54898969083723,6.229798640278574
-75.54220420618618,6.229798640278574
-75.53541872153514,6.229798640278574
-75.52863323688409,6.229798640278574
-75.52184775223304,6.229798640278574
-75.515062267582,6.229798640278574
-75.50827678293095,6.229798640278574
-75.5014912982799,6.229798640278574
-75.49470581362885,6.229798640278574
-75.48792032897781,6.229798640278574
-75.48113484432676,6.229798640278574
-75.70505583781129,6.229798640278574
-75.69827035316024,6.229798640278574
-75.69148486850919,6.229798640278574
-75.68469938385815,6.229798640278574
-75.6779138992071,6.229798640278574
-75.67112841455605,6.229798640278574
-75.664342929905,6.229798640278574
-75.65755744525396,6.229798640278574
-75.65077196060291,6.229798640278574
-75.64398647595186,6.229798640278574
-75.63720099130082,6.229798640278574
-75.63041550664978,6.229798640278574
-75.62363002199874,6.229798640278574
-75.6202372796732,6.22785155188633
-75.61345179502216,6.22785155188633
-75.60666631037111,6.22785155188633
-75.59988082572006,6.22785155188633
-75.59309534106903,6.22785155188633
-75.58630985641798,6.22785155188633
-75.57952437176694,6.22785155188633
-75.57273888711589,6.22785155188633
-75.56595340246484,6.22785155188633
-75.5591679178138,6.22785155188633
-75.55238243316275,6.22785155188633
-75.5455969485117,6.22785155188633
-75.53881146386065,6.22785155188633
-75.5320259792096,6.22785155188633
-75.52524049455856,6.22785155188633
-75.51845500990751,6.22785155188633
-75.51166952525648,6.22785155188633
-75.50488404060543,6.22785155188633
-75.49809855595439,6.22785155188633
-75.49131307130334,6.22785155188633
-75.70166309548576,6.22785155188633
-75.69487761083471,6.22785155188633
-75.68809212618366,6.22785155188633
-75.68130664153261,6.22785155188633
-75.67452115688158,6.22785155188633
-75.66773567223053,6.22785155188633
-75.66095018757949,6.22785155188633
-75.65416470292844,6.22785155188633
-75.6473792182774,6.22785155188633
-75.64059373362635,6.22785155188633
-75.6338082489753,6.22785155188633
-75.62702276432425,6.22785155188633
-75.61684453734769,6.225904463494085
-75.61005905269664,6.225904463494085
-75.6032735680456,6.225904463494085
-75.59648808339455,6.225904463494085
-75.5897025987435,6.225904463494085
-75.58291711409245,6.225904463494085
-75.5761316294414,6.225904463494085
-75.56934614479036,6.225904463494085
-75.56256066013931,6.225904463494085
-75.55577517548828,6.225904463494085
-75.54898969083723,6.225904463494085
-75.54220420618618,6.225904463494085
-75.53541872153514,6.225904463494085
-75.52863323688409,6.225904463494085
-75.52184775223304,6.225904463494085
-75.515062267582,6.225904463494085
-75.50827678293095,6.225904463494085
-75.5014912982799,6.225904463494085
-75.49470581362885,6.225904463494085
-75.69827035316024,6.225904463494085
-75.69148486850919,6.225904463494085
-75.68469938385815,6.225904463494085
-75.6779138992071,6.225904463494085
-75.67112841455605,6.225904463494085
-75.664342929905,6.225904463494085
-75.65755744525396,6.225904463494085
-75.65077196060291,6.225904463494085
-75.64398647595186,6.225904463494085
-75.63720099130082,6.225904463494085
-75.63041550664978,6.225904463494085
-75.62363002199874,6.225904463494085
-75.6202372796732,6.22395737510184
-75.61345179502216,6.22395737510184
-75.60666631037111,6.22395737510184
-75.59988082572006,6.22395737510184
-75.59309534106903,6.22395737510184
-75.58630985641798,6.22395737510184
-75.57952437176694,6.22395737510184
-75.57273888711589,6.22395737510184
-75.56595340246484,6.22395737510184
-75.5591679178138,6.22395737510184
-75.55238243316275,6.22395737510184
-75.5455969485117,6.22395737510184
-75.53881146386065,6.22395737510184
-75.5320259792096,6.22395737510184
-75.52524049455856,6.22395737510184
-75.51845500990751,6.22395737510184
-75.51166952525648,6.22395737510184
-75.50488404060543,6.22395737510184
-75.49809855595439,6.22395737510184
-75.49131307130334,6.22395737510184
-75.70166309548576,6.22395737510184
-75.69487761083471,6.22395737510184
-75.68809212618366,6.22395737510184
-75.68130664153261,6.22395737510184
-75.67452115688158,6.22395737510184
-75.66773567223053,6.22395737510184
-75.66095018757949,6.22395737510184
-75.65416470292844,6.22395737510184
-75.6473792182774,6.22395737510184
-75.64059373362635,6.22395737510184
-75.6338082489753,6.22395737510184
-75.62702276432425,6.22395737510184
-75.62363002199874,6.222010286709596
-75.61684453734769,6.222010286709596
-75.61005905269664,6.222010286709596
-75.6032735680456,6.222010286709596
-75.59648808339455,6.222010286709596
-75.5897025987435,6.222010286709596
-75.58291711409245,6.222010286709596
-75.5761316294414,6.222010286709596
-75.56934614479036,6.222010286709596
-75.56256066013931,6.222010286709596
-75.55577517548828,6.222010286709596
-75.54898969083723,6.222010286709596
-75.54220420618618,6.222010286709596
-75.53541872153514,6.222010286709596
-75.52863323688409,6.222010286709596
-75.52184775223304,6.222010286709596
-75.515062267582,6.222010286709596
-75.50827678293095,6.222010286709596
-75.5014912982799,6.222010286709596
-75.49470581362885,6.222010286709596
-75.69827035316024,6.222010286709596
-75.69148486850919,6.222010286709596
-75.68469938385815,6.222010286709596
-75.6779138992071,6.222010286709596
-75.67112841455605,6.222010286709596
-75.664342929905,6.222010286709596
-75.65755744525396,6.222010286709596
-75.65077196060291,6.222010286709596
-75.64398647595186,6.222010286709596
-75.63720099130082,6.222010286709596
-75.63041550664978,6.222010286709596
-75.6202372796732,6.220063198317351
-75.61345179502216,6.220063198317351
-75.60666631037111,6.220063198317351
-75.59988082572006,6.220063198317351
-75.59309534106903,6.220063198317351
-75.58630985641798,6.220063198317351
-75.57952437176694,6.220063198317351
-75.57273888711589,6.220063198317351
-75.56595340246484,6.220063198317351
-75.5591679178138,6.220063198317351
-75.55238243316275,6.220063198317351
-75.5455969485117,6.220063198317351
-75.53881146386065,6.220063198317351
-75.5320259792096,6.220063198317351
-75.52524049455856,6.220063198317351
-75.51845500990751,6.220063198317351
-75.51166952525648,6.220063198317351
-75.50488404060543,6.220063198317351
-75.49809855595439,6.220063198317351
-75.49131307130334,6.220063198317351
-75.70166309548576,6.220063198317351
-75.69487761083471,6.220063198317351
-75.68809212618366,6.220063198317351
-75.68130664153261,6.220063198317351
-75.67452115688158,6.220063198317351
-75.66773567223053,6.220063198317351
-75.66095018757949,6.220063198317351
-75.65416470292844,6.220063198317351
-75.6473792182774,6.220063198317351
-75.64059373362635,6.220063198317351
-75.6338082489753,6.220063198317351
-75.62702276432425,6.220063198317351
-75.62363002199874,6.2181161099251065
-75.61684453734769,6.2181161099251065
-75.61005905269664,6.2181161099251065
-75.6032735680456,6.2181161099251065
-75.59648808339455,6.2181161099251065
-75.5897025987435,6.2181161099251065
-75.58291711409245,6.2181161099251065
-75.5761316294414,6.2181161099251065
-75.56934614479036,6.2181161099251065
-75.56256066013931,6.2181161099251065
-75.55577517548828,6.2181161099251065
-75.54898969083723,6.2181161099251065
-75.54220420618618,6.2181161099251065
-75.53541872153514,6.2181161099251065
-75.52863323688409,6.2181161099251065
-75.52184775223304,6.2181161099251065
-75.515062267582,6.2181161099251065
-75.50827678293095,6.2181161099251065
-75.5014912982799,6.2181161099251065
-75.49470581362885,6.2181161099251065
-75.69827035316024,6.2181161099251065
-75.69148486850919,6.2181161099251065
-75.68469938385815,6.2181161099251065
-75.6779138992071,6.2181161099251065
-75.67112841455605,6.2181161099251065
-75.664342929905,6.2181161099251065
-75.65755744525396,6.2181161099251065
-75.65077196060291,6.2181161099251065
-75.64398647595186,6.2181161099251065
-75.63720099130082,6.2181161099251065
-75.63041550664978,6.2181161099251065
-75.62702276432425,6.2161690215328615
-75.6202372796732,6.2161690215328615
-75.61345179502216,6.2161690215328615
-75.60666631037111,6.2161690215328615
-75.59988082572006,6.2161690215328615
-75.59309534106903,6.2161690215328615
-75.58630985641798,6.2161690215328615
-75.57952437176694,6.2161690215328615
-75.57273888711589,6.2161690215328615
-75.56595340246484,6.2161690215328615
-75.5591679178138,6.2161690215328615
-75.55238243316275,6.2161690215328615
-75.5455969485117,6.2161690215328615
-75.53881146386065,6.2161690215328615
-75.5320259792096,6.2161690215328615
-75.52524049455856,6.2161690215328615
-75.51845500990751,6.2161690215328615
-75.51166952525648,6.2161690215328615
-75.50488404060543,6.2161690215328615
-75.49809855595439,6.2161690215328615
-75.49131307130334,6.2161690215328615
-75.70166309548576,6.2161690215328615
-75.69487761083471,6.2161690215328615
-75.68809212618366,6.2161690215328615
-75.68130664153261,6.2161690215328615
-75.67452115688158,6.2161690215328615
-75.66773567223053,6.2161690215328615
-75.66095018757949,6.2161690215328615
-75.65416470292844,6.2161690215328615
-75.6473792182774,6.2161690215328615
-75.64059373362635,6.2161690215328615
-75.6338082489753,6.2161690215328615
-75.62363002199874,6.214221933140617
-75.61684453734769,6.214221933140617
-75.61005905269664,6.214221933140617
-75.6032735680456,6.214221933140617
-75.59648808339455,6.214221933140617
-75.5897025987435,6.214221933140617
-75.58291711409245,6.214221933140617
-75.5761316294414,6.214221933140617
-75.56934614479036,6.214221933140617
-75.56256066013931,6.214221933140617
-75.55577517548828,6.214221933140617
-75.54898969083723,6.214221933140617
-75.54220420618618,6.214221933140617
-75.53541872153514,6.214221933140617
-75.52863323688409,6.214221933140617
-75.52184775223304,6.214221933140617
-75.515062267582,6.214221933140617
-75.50827678293095,6.214221933140617
-75.5014912982799,6.214221933140617
-75.49470581362885,6.214221933140617
-75.48792032897781,6.214221933140617
-75.69827035316024,6.214221933140617
-75.69148486850919,6.214221933140617
-75.68469938385815,6.214221933140617
-75.6779138992071,6.214221933140617
-75.67112841455605,6.214221933140617
-75.664342929905,6.214221933140617
-75.65755744525396,6.214221933140617
-75.65077196060291,6.214221933140617
-75.64398647595186,6.214221933140617
-75.63720099130082,6.214221933140617
-75.63041550664978,6.214221933140617
-75.62702276432425,6.212274844748372
-75.6202372796732,6.212274844748372
-75.61345179502216,6.212274844748372
-75.60666631037111,6.212274844748372
-75.59988082572006,6.212274844748372
-75.59309534106903,6.212274844748372
-75.58630985641798,6.212274844748372
-75.57952437176694,6.212274844748372
-75.57273888711589,6.212274844748372
-75.56595340246484,6.212274844748372
-75.5591679178138,6.212274844748372
-75.55238243316275,6.212274844748372
-75.5455969485117,6.212274844748372
-75.53881146386065,6.212274844748372
-75.5320259792096,6.212274844748372
-75.52524049455856,6.212274844748372
-75.51845500990751,6.212274844748372
-75.51166952525648,6.212274844748372
-75.50488404060543,6.212274844748372
-75.49809855595439,6.212274844748372
-75.49131307130334,6.212274844748372
-75.70166309548576,6.212274844748372
-75.69487761083471,6.212274844748372
-75.68809212618366,6.212274844748372
-75.68130664153261,6.212274844748372
-75.67452115688158,6.212274844748372
-75.66773567223053,6.212274844748372
-75.66095018757949,6.212274844748372
-75.65416470292844,6.212274844748372
-75.6473792182774,6.212274844748372
-75.64059373362635,6.212274844748372
-75.6338082489753,6.212274844748372
-75.63041550664978,6.210327756356128
-75.62363002199874,6.210327756356128
-75.61684453734769,6.210327756356128
-75.61005905269664,6.210327756356128
-75.6032735680456,6.210327756356128
-75.59648808339455,6.210327756356128
-75.5897025987435,6.210327756356128
-75.58291711409245,6.210327756356128
-75.5761316294414,6.210327756356128
-75.56934614479036,6.210327756356128
-75.56256066013931,6.210327756356128
-75.55577517548828,6.210327756356128
-75.54898969083723,6.210327756356128
-75.54220420618618,6.210327756356128
-75.53541872153514,6.210327756356128
-75.52863323688409,6.210327756356128
-75.52184775223304,6.210327756356128
-75.515062267582,6.210327756356128
-75.50827678293095,6.210327756356128
-75.5014912982799,6.210327756356128
-75.49470581362885,6.210327756356128
-75.48792032897781,6.210327756356128
-75.69827035316024,6.210327756356128
-75.69148486850919,6.210327756356128
-75.68469938385815,6.210327756356128
-75.6779138992071,6.210327756356128
-75.67112841455605,6.210327756356128
-75.664342929905,6.210327756356128
-75.65755744525396,6.210327756356128
-75.65077196060291,6.210327756356128
-75.64398647595186,6.210327756356128
-75.63720099130082,6.210327756356128
-75.62702276432425,6.208380667963883
-75.6202372796732,6.208380667963883
-75.61345179502216,6.208380667963883
-75.60666631037111,6.208380667963883
-75.59988082572006,6.208380667963883
-75.59309534106903,6.208380667963883
-75.58630985641798,6.208380667963883
-75.57952437176694,6.208380667963883
-75.57273888711589,6.208380667963883
-75.56595340246484,6.208380667963883
-75.5591679178138,6.208380667963883
-75.55238243316275,6.208380667963883
-75.5455969485117,6.208380667963883
-75.53881146386065,6.208380667963883
-75.5320259792096,6.208380667963883
-75.52524049455856,6.208380667963883
-75.51845500990751,6.208380667963883
-75.51166952525648,6.208380667963883
-75.50488404060543,6.208380667963883
-75.49809855595439,6.208380667963883
-75.49131307130334,6.208380667963883
-75.48452758665229,6.208380667963883
-75.70166309548576,6.208380667963883
-75.69487761083471,6.208380667963883
-75.68809212618366,6.208380667963883
-75.68130664153261,6.208380667963883
-75.67452115688158,6.208380667963883
-75.66773567223053,6.208380667963883
-75.66095018757949,6.208380667963883
-75.65416470292844,6.208380667963883
-75.6473792182774,6.208380667963883
-75.64059373362635,6.208380667963883
-75.6338082489753,6.208380667963883
-75.63041550664978,6.206433579571639
-75.62363002199874,6.206433579571639
-75.61684453734769,6.206433579571639
-75.61005905269664,6.206433579571639
-75.6032735680456,6.206433579571639
-75.59648808339455,6.206433579571639
-75.5897025987435,6.206433579571639
-75.58291711409245,6.206433579571639
-75.5761316294414,6.206433579571639
-75.56934614479036,6.206433579571639
-75.56256066013931,6.206433579571639
-75.55577517548828,6.206433579571639
-75.54898969083723,6.206433579571639
-75.54220420618618,6.206433579571639
-75.53541872153514,6.206433579571639
-75.52863323688409,6.206433579571639
-75.52184775223304,6.206433579571639
-75.515062267582,6.206433579571639
-75.50827678293095,6.206433579571639
-75.5014912982799,6.206433579571639
-75.49470581362885,6.206433579571639
-75.48792032897781,6.206433579571639
-75.69827035316024,6.206433579571639
-75.69148486850919,6.206433579571639
-75.68469938385815,6.206433579571639
-75.6779138992071,6.206433579571639
-75.67112841455605,6.206433579571639
-75.664342929905,6.206433579571639
-75.65755744525396,6.206433579571639
-75.65077196060291,6.206433579571639
-75.64398647595186,6.206433579571639
-75.63720099130082,6.206433579571639
-75.6338082489753,6.204486491179394
-75.62702276432425,6.204486491179394
-75.6202372796732,6.204486491179394
-75.61345179502216,6.204486491179394
-75.60666631037111,6.204486491179394
-75.59988082572006,6.204486491179394
-75.59309534106903,6.204486491179394
-75.58630985641798,6.204486491179394
-75.57952437176694,6.204486491179394
-75.57273888711589,6.204486491179394
-75.56595340246484,6.204486491179394
-75.5591679178138,6.204486491179394
-75.55238243316275,6.204486491179394
-75.5455969485117,6.204486491179394
-75.53881146386065,6.204486491179394
-75.5320259792096,6.204486491179394
-75.52524049455856,6.204486491179394
-75.51845500990751,6.204486491179394
-75.51166952525648,6.204486491179394
-75.50488404060543,6.204486491179394
-75.49809855595439,6.204486491179394
-75.49131307130334,6.204486491179394
-75.48452758665229,6.204486491179394
-75.70166309548576,6.204486491179394
-75.69487761083471,6.204486491179394
-75.68809212618366,6.204486491179394
-75.68130664153261,6.204486491179394
-75.67452115688158,6.204486491179394
-75.66773567223053,6.204486491179394
-75.66095018757949,6.204486491179394
-75.65416470292844,6.204486491179394
-75.6473792182774,6.204486491179394
-75.64059373362635,6.204486491179394
-75.63041550664978,6.202539402787149
-75.62363002199874,6.202539402787149
-75.61684453734769,6.202539402787149
-75.61005905269664,6.202539402787149
-75.6032735680456,6.202539402787149
-75.59648808339455,6.202539402787149
-75.5897025987435,6.202539402787149
-75.58291711409245,6.202539402787149
-75.5761316294414,6.202539402787149
-75.56934614479036,6.202539402787149
-75.56256066013931,6.202539402787149
-75.55577517548828,6.202539402787149
-75.54898969083723,6.202539402787149
-75.54220420618618,6.202539402787149
-75.53541872153514,6.202539402787149
-75.52863323688409,6.202539402787149
-75.52184775223304,6.202539402787149
-75.515062267582,6.202539402787149
-75.50827678293095,6.202539402787149
-75.5014912982799,6.202539402787149
-75.49470581362885,6.202539402787149
-75.48792032897781,6.202539402787149
-75.69827035316024,6.202539402787149
-75.69148486850919,6.202539402787149
-75.68469938385815,6.202539402787149
-75.6779138992071,6.202539402787149
-75.67112841455605,6.202539402787149
-75.664342929905,6.202539402787149
-75.65755744525396,6.202539402787149
-75.65077196060291,6.202539402787149
-75.64398647595186,6.202539402787149
-75.63720099130082,6.202539402787149
-75.6338082489753,6.200592314394905
-75.62702276432425,6.200592314394905
-75.6202372796732,6.200592314394905
-75.61345179502216,6.200592314394905
-75.60666631037111,6.200592314394905
-75.59988082572006,6.200592314394905
-75.59309534106903,6.200592314394905
-75.58630985641798,6.200592314394905
-75.57952437176694,6.200592314394905
-75.57273888711589,6.200592314394905
-75.56595340246484,6.200592314394905
-75.5591679178138,6.200592314394905
-75.55238243316275,6.200592314394905
-75.5455969485117,6.200592314394905
-75.53881146386065,6.200592314394905
-75.5320259792096,6.200592314394905
-75.52524049455856,6.200592314394905
-75.51845500990751,6.200592314394905
-75.51166952525648,6.200592314394905
-75.50488404060543,6.200592314394905
-75.49809855595439,6.200592314394905
-75.49131307130334,6.200592314394905
-75.48452758665229,6.200592314394905
-75.70166309548576,6.200592314394905
-75.69487761083471,6.200592314394905
-75.68809212618366,6.200592314394905
-75.68130664153261,6.200592314394905
-75.67452115688158,6.200592314394905
-75.66773567223053,6.200592314394905
-75.66095018757949,6.200592314394905
-75.65416470292844,6.200592314394905
-75.6473792182774,6.200592314394905
-75.64059373362635,6.200592314394905
-75.63720099130082,6.19864522600266
-75.63041550664978,6.19864522600266
-75.62363002199874,6.19864522600266
-75.61684453734769,6.19864522600266
-75.61005905269664,6.19864522600266
-75.6032735680456,6.19864522600266
-75.59648808339455,6.19864522600266
-75.5897025987435,6.19864522600266
-75.58291711409245,6.19864522600266
-75.5761316294414,6.19864522600266
-75.56934614479036,6.19864522600266
-75.56256066013931,6.19864522600266
-75.55577517548828,6.19864522600266
-75.54898969083723,6.19864522600266
-75.54220420618618,6.19864522600266
-75.53541872153514,6.19864522600266
-75.52863323688409,6.19864522600266
-75.52184775223304,6.19864522600266
-75.515062267582,6.19864522600266
-75.50827678293095,6.19864522600266
-75.5014912982799,6.19864522600266
-75.49470581362885,6.19864522600266
-75.48792032897781,6.19864522600266
-75.69827035316024,6.19864522600266
-75.69148486850919,6.19864522600266
-75.68469938385815,6.19864522600266
-75.6779138992071,6.19864522600266
-75.67112841455605,6.19864522600266
-75.664342929905,6.19864522600266
-75.65755744525396,6.19864522600266
-75.65077196060291,6.19864522600266
-75.64398647595186,6.19864522600266
-75.6338082489753,6.196698137610416
-75.62702276432425,6.196698137610416
-75.6202372796732,6.196698137610416
-75.61345179502216,6.196698137610416
-75.60666631037111,6.196698137610416
-75.59988082572006,6.196698137610416
-75.59309534106903,6.196698137610416
-75.58630985641798,6.196698137610416
-75.57952437176694,6.196698137610416
-75.57273888711589,6.196698137610416
-75.56595340246484,6.196698137610416
-75.5591679178138,6.196698137610416
-75.55238243316275,6.196698137610416
-75.5455969485117,6.196698137610416
-75.53881146386065,6.196698137610416
-75.5320259792096,6.196698137610416
-75.52524049455856,6.196698137610416
-75.51845500990751,6.196698137610416
-75.51166952525648,6.196698137610416
-75.50488404060543,6.196698137610416
-75.49809855595439,6.196698137610416
-75.49131307130334,6.196698137610416
-75.48452758665229,6.196698137610416
-75.69487761083471,6.196698137610416
-75.68809212618366,6.196698137610416
-75.68130664153261,6.196698137610416
-75.67452115688158,6.196698137610416
-75.66773567223053,6.196698137610416
-75.66095018757949,6.196698137610416
-75.65416470292844,6.196698137610416
-75.6473792182774,6.196698137610416
-75.64059373362635,6.196698137610416
-75.63720099130082,6.194751049218171
-75.63041550664978,6.194751049218171
-75.62363002199874,6.194751049218171
-75.59648808339455,6.194751049218171
-75.5897025987435,6.194751049218171
-75.58291711409245,6.194751049218171
-75.5761316294414,6.194751049218171
-75.56934614479036,6.194751049218171
-75.56256066013931,6.194751049218171
-75.55577517548828,6.194751049218171
-75.54898969083723,6.194751049218171
-75.54220420618618,6.194751049218171
-75.53541872153514,6.194751049218171
-75.52863323688409,6.194751049218171
-75.52184775223304,6.194751049218171
-75.515062267582,6.194751049218171
-75.50827678293095,6.194751049218171
-75.5014912982799,6.194751049218171
-75.49470581362885,6.194751049218171
-75.48792032897781,6.194751049218171
-75.69148486850919,6.194751049218171
-75.68469938385815,6.194751049218171
-75.6779138992071,6.194751049218171
-75.67112841455605,6.194751049218171
-75.664342929905,6.194751049218171
-75.65755744525396,6.194751049218171
-75.65077196060291,6.194751049218171
-75.64398647595186,6.194751049218171
-75.64059373362635,6.192803960825927
-75.6338082489753,6.192803960825927
-75.59309534106903,6.192803960825927
-75.58630985641798,6.192803960825927
-75.57952437176694,6.192803960825927
-75.57273888711589,6.192803960825927
-75.56595340246484,6.192803960825927
-75.5591679178138,6.192803960825927
-75.55238243316275,6.192803960825927
-75.5455969485117,6.192803960825927
-75.53881146386065,6.192803960825927
-75.5320259792096,6.192803960825927
-75.51166952525648,6.192803960825927
-75.50488404060543,6.192803960825927
-75.49809855595439,6.192803960825927
-75.69487761083471,6.192803960825927
-75.68809212618366,6.192803960825927
-75.68130664153261,6.192803960825927
-75.67452115688158,6.192803960825927
-75.66773567223053,6.192803960825927
-75.66095018757949,6.192803960825927
-75.65416470292844,6.192803960825927
-75.6473792182774,6.192803960825927
-75.58291711409245,6.190856872433682
-75.5761316294414,6.190856872433682
-75.56934614479036,6.190856872433682
-75.56256066013931,6.190856872433682
-75.55577517548828,6.190856872433682
-75.54898969083723,6.190856872433682
-75.54220420618618,6.190856872433682
-75.53541872153514,6.190856872433682
-75.52863323688409,6.190856872433682
-75.50827678293095,6.190856872433682
-75.5014912982799,6.190856872433682
-75.69148486850919,6.190856872433682
-75.68469938385815,6.190856872433682
-75.6779138992071,6.190856872433682
-75.67112841455605,6.190856872433682
-75.664342929905,6.190856872433682
-75.65755744525396,6.190856872433682
-75.65077196060291,6.190856872433682
-75.64398647595186,6.190856872433682
-75.64059373362635,6.188909784041438
-75.57952437176694,6.188909784041438
-75.57273888711589,6.188909784041438
-75.56595340246484,6.188909784041438
-75.5591679178138,6.188909784041438
-75.55238243316275,6.188909784041438
-75.5455969485117,6.188909784041438
-75.53881146386065,6.188909784041438
-75.5320259792096,6.188909784041438
-75.50488404060543,6.188909784041438
-75.68809212618366,6.188909784041438
-75.68130664153261,6.188909784041438
-75.67452115688158,6.188909784041438
-75.66773567223053,6.188909784041438
-75.66095018757949,6.188909784041438
-75.65416470292844,6.188909784041438
-75.6473792182774,6.188909784041438
-75.64398647595186,6.186962695649193
-75.63720099130082,6.186962695649193
-75.58291711409245,6.186962695649193
-75.5761316294414,6.186962695649193
-75.56934614479036,6.186962695649193
-75.56256066013931,6.186962695649193
-75.55577517548828,6.186962695649193
-75.54898969083723,6.186962695649193
-75.54220420618618,6.186962695649193
-75.53541872153514,6.186962695649193
-75.52863323688409,6.186962695649193
-75.68469938385815,6.186962695649193
-75.6779138992071,6.186962695649193
-75.67112841455605,6.186962695649193
-75.664342929905,6.186962695649193
-75.65755744525396,6.186962695649193
-75.65077196060291,6.186962695649193
-75.64059373362635,6.185015607256949
-75.57952437176694,6.185015607256949
-75.57273888711589,6.185015607256949
-75.56595340246484,6.185015607256949
-75.5591679178138,6.185015607256949
-75.55238243316275,6.185015607256949
-75.5455969485117,6.185015607256949
-75.53881146386065,6.185015607256949
-75.5320259792096,6.185015607256949
-75.68130664153261,6.185015607256949
-75.67452115688158,6.185015607256949
-75.66773567223053,6.185015607256949
-75.66095018757949,6.185015607256949
-75.65416470292844,6.185015607256949
-75.6473792182774,6.185015607256949
-75.64398647595186,6.183068518864704
-75.63720099130082,6.183068518864704
-75.5761316294414,6.183068518864704
-75.56934614479036,6.183068518864704
-75.56256066013931,6.183068518864704
-75.55577517548828,6.183068518864704
-75.54898969083723,6.183068518864704
-75.54220420618618,6.183068518864704
-75.53541872153514,6.183068518864704
-75.68469938385815,6.183068518864704
-75.6779138992071,6.183068518864704
-75.67112841455605,6.183068518864704
-75.664342929905,6.183068518864704
-75.65755744525396,6.183068518864704
-75.65077196060291,6.183068518864704
-75.6473792182774,6.181121430472459
-75.64059373362635,6.181121430472459
-75.57952437176694,6.181121430472459
-75.57273888711589,6.181121430472459
-75.56595340246484,6.181121430472459
-75.5591679178138,6.181121430472459
-75.55238243316275,6.181121430472459
-75.5455969485117,6.181121430472459
-75.53881146386065,6.181121430472459
-75.5320259792096,6.181121430472459
-75.68130664153261,6.181121430472459
-75.67452115688158,6.181121430472459
-75.66773567223053,6.181121430472459
-75.66095018757949,6.181121430472459
-75.65416470292844,6.181121430472459
-75.64398647595186,6.1791743420802145
-75.63720099130082,6.1791743420802145
-75.5761316294414,6.1791743420802145
-75.56934614479036,6.1791743420802145
-75.56256066013931,6.1791743420802145
-75.55577517548828,6.1791743420802145
-75.54898969083723,6.1791743420802145
-75.54220420618618,6.1791743420802145
-75.53541872153514,6.1791743420802145
-75.68469938385815,6.1791743420802145
-75.6779138992071,6.1791743420802145
-75.67112841455605,6.1791743420802145
-75.664342929905,6.1791743420802145
-75.65755744525396,6.1791743420802145
-75.65077196060291,6.1791743420802145
-75.6473792182774,6.1772272536879695
-75.64059373362635,6.1772272536879695
-75.6338082489753,6.1772272536879695
-75.56595340246484,6.1772272536879695
-75.5591679178138,6.1772272536879695
-75.55238243316275,6.1772272536879695
-75.5455969485117,6.1772272536879695
-75.53881146386065,6.1772272536879695
-75.5320259792096,6.1772272536879695
-75.68130664153261,6.1772272536879695
-75.67452115688158,6.1772272536879695
-75.66773567223053,6.1772272536879695
-75.66095018757949,6.1772272536879695
-75.65416470292844,6.1772272536879695
-75.65077196060291,6.175280165295725
-75.64398647595186,6.175280165295725
-75.63720099130082,6.175280165295725
-75.56256066013931,6.175280165295725
-75.55577517548828,6.175280165295725
-75.54898969083723,6.175280165295725
-75.54220420618618,6.175280165295725
-75.53541872153514,6.175280165295725
-75.6779138992071,6.175280165295725
-75.67112841455605,6.175280165295725
-75.664342929905,6.175280165295725
-75.65755744525396,6.175280165295725
-75.6473792182774,6.17333307690348
-75.64059373362635,6.17333307690348
-75.6338082489753,6.17333307690348
-75.5455969485117,6.17333307690348
-75.53881146386065,6.17333307690348
-75.68130664153261,6.17333307690348
-75.67452115688158,6.17333307690348
-75.66773567223053,6.17333307690348
-75.66095018757949,6.17333307690348
-75.65416470292844,6.17333307690348
-75.65077196060291,6.171385988511236
-75.64398647595186,6.171385988511236
-75.63720099130082,6.171385988511236
-75.54220420618618,6.171385988511236
-75.53541872153514,6.171385988511236
-75.6779138992071,6.171385988511236
-75.67112841455605,6.171385988511236
-75.664342929905,6.171385988511236
-75.65755744525396,6.171385988511236
-75.65416470292844,6.169438900118991
-75.6473792182774,6.169438900118991
-75.53881146386065,6.169438900118991
-75.68130664153261,6.169438900118991
-75.67452115688158,6.169438900118991
-75.66773567223053,6.169438900118991
-75.66095018757949,6.169438900118991
-75.6779138992071,6.167491811726747
-75.67112841455605,6.167491811726747
-75.664342929905,6.167491811726747
-75.68130664153261,6.165544723334502
-75.67452115688158,6.165544723334502
-75.66773567223053,6.165544723334502
-75.66095018757949,6.165544723334502
-75.6779138992071,6.163597634942258
-75.67112841455605,6.163597634942258
-75.71184132246233,6.373883181304674
-75.70505583781129,6.373883181304674
-75.69827035316024,6.373883181304674
-75.67112841455605,6.373883181304674
-75.71523406478785,6.37193609291243
-75.7084485801368,6.37193609291243
-75.70166309548576,6.37193609291243
-75.69487761083471,6.37193609291243
-75.68809212618366,6.37193609291243
-75.67452115688158,6.37193609291243
-75.66773567223053,6.37193609291243
-75.71184132246233,6.369989004520185
-75.70505583781129,6.369989004520185
-75.69827035316024,6.369989004520185
-75.69148486850919,6.369989004520185
-75.68469938385815,6.369989004520185
-75.6779138992071,6.369989004520185
-75.67112841455605,6.369989004520185
-75.664342929905,6.369989004520185
-75.71523406478785,6.3680419161279405
-75.7084485801368,6.3680419161279405
-75.70166309548576,6.3680419161279405
-75.69487761083471,6.3680419161279405
-75.68809212618366,6.3680419161279405
-75.68130664153261,6.3680419161279405
-75.67452115688158,6.3680419161279405
-75.66773567223053,6.3680419161279405
-75.71184132246233,6.3660948277356955
-75.70505583781129,6.3660948277356955
-75.69827035316024,6.3660948277356955
-75.69148486850919,6.3660948277356955
-75.68469938385815,6.3660948277356955
-75.6779138992071,6.3660948277356955
-75.67112841455605,6.3660948277356955
-75.664342929905,6.3660948277356955
-75.71523406478785,6.364147739343451
-75.7084485801368,6.364147739343451
-75.70166309548576,6.364147739343451
-75.69487761083471,6.364147739343451
-75.68809212618366,6.364147739343451
-75.68130664153261,6.364147739343451
-75.67452115688158,6.364147739343451
-75.66773567223053,6.364147739343451
-75.71862680711337,6.362200650951206
-75.71184132246233,6.362200650951206
-75.70505583781129,6.362200650951206
-75.69827035316024,6.362200650951206
-75.69148486850919,6.362200650951206
-75.68469938385815,6.362200650951206
-75.6779138992071,6.362200650951206
-75.67112841455605,6.362200650951206
-75.664342929905,6.362200650951206
-75.71523406478785,6.360253562558962
-75.7084485801368,6.360253562558962
-75.70166309548576,6.360253562558962
-75.69487761083471,6.360253562558962
-75.68809212618366,6.360253562558962
-75.68130664153261,6.360253562558962
-75.67452115688158,6.360253562558962
-75.66773567223053,6.360253562558962
-75.66095018757949,6.360253562558962
-75.71184132246233,6.358306474166717
-75.70505583781129,6.358306474166717
-75.69827035316024,6.358306474166717
-75.69148486850919,6.358306474166717
-75.68469938385815,6.358306474166717
-75.6779138992071,6.358306474166717
-75.67112841455605,6.358306474166717
-75.664342929905,6.358306474166717
-75.65755744525396,6.358306474166717
-75.71523406478785,6.356359385774473
-75.7084485801368,6.356359385774473
-75.70166309548576,6.356359385774473
-75.69487761083471,6.356359385774473
-75.68809212618366,6.356359385774473
-75.68130664153261,6.356359385774473
-75.67452115688158,6.356359385774473
-75.66773567223053,6.356359385774473
-75.66095018757949,6.356359385774473
-75.71184132246233,6.354412297382228
-75.70505583781129,6.354412297382228
-75.69827035316024,6.354412297382228
-75.69148486850919,6.354412297382228
-75.68469938385815,6.354412297382228
-75.6779138992071,6.354412297382228
-75.67112841455605,6.354412297382228
-75.664342929905,6.354412297382228
-75.65755744525396,6.354412297382228
-75.71523406478785,6.352465208989983
-75.7084485801368,6.352465208989983
-75.70166309548576,6.352465208989983
-75.69487761083471,6.352465208989983
-75.68809212618366,6.352465208989983
-75.68130664153261,6.352465208989983
-75.67452115688158,6.352465208989983
-75.66773567223053,6.352465208989983
-75.66095018757949,6.352465208989983
-75.65416470292844,6.352465208989983
-75.71184132246233,6.350518120597739
-75.70505583781129,6.350518120597739
-75.69827035316024,6.350518120597739
-75.69148486850919,6.350518120597739
-75.68469938385815,6.350518120597739
-75.6779138992071,6.350518120597739
-75.67112841455605,6.350518120597739
-75.664342929905,6.350518120597739
-75.65755744525396,6.350518120597739
-75.71523406478785,6.348571032205494
-75.7084485801368,6.348571032205494
-75.70166309548576,6.348571032205494
-75.69487761083471,6.348571032205494
-75.68809212618366,6.348571032205494
-75.68130664153261,6.348571032205494
-75.67452115688158,6.348571032205494
-75.66773567223053,6.348571032205494
-75.66095018757949,6.348571032205494
-75.65416470292844,6.348571032205494
-75.71862680711337,6.34662394381325
-75.71184132246233,6.34662394381325
-75.70505583781129,6.34662394381325
-75.69827035316024,6.34662394381325
-75.69148486850919,6.34662394381325
-75.68469938385815,6.34662394381325
-75.6779138992071,6.34662394381325
-75.67112841455605,6.34662394381325
-75.664342929905,6.34662394381325
-75.65755744525396,6.34662394381325
-75.71523406478785,6.344676855421005
-75.7084485801368,6.344676855421005
-75.70166309548576,6.344676855421005
-75.69487761083471,6.344676855421005
-75.68809212618366,6.344676855421005
-75.68130664153261,6.344676855421005
-75.67452115688158,6.344676855421005
-75.66773567223053,6.344676855421005
-75.66095018757949,6.344676855421005
-75.65416470292844,6.344676855421005
-75.71862680711337,6.342729767028761
-75.71184132246233,6.342729767028761
-75.70505583781129,6.342729767028761
-75.69827035316024,6.342729767028761
-75.69148486850919,6.342729767028761
-75.68469938385815,6.342729767028761
-75.6779138992071,6.342729767028761
-75.67112841455605,6.342729767028761
-75.664342929905,6.342729767028761
-75.65755744525396,6.342729767028761
-75.71523406478785,6.340782678636516
-75.7084485801368,6.340782678636516
-75.70166309548576,6.340782678636516
-75.69487761083471,6.340782678636516
-75.68809212618366,6.340782678636516
-75.68130664153261,6.340782678636516
-75.67452115688158,6.340782678636516
-75.66773567223053,6.340782678636516
-75.66095018757949,6.340782678636516
-75.65416470292844,6.340782678636516
-75.71862680711337,6.338835590244272
-75.71184132246233,6.338835590244272
-75.70505583781129,6.338835590244272
-75.69827035316024,6.338835590244272
-75.69148486850919,6.338835590244272
-75.68469938385815,6.338835590244272
-75.6779138992071,6.338835590244272
-75.67112841455605,6.338835590244272
-75.664342929905,6.338835590244272
-75.65755744525396,6.338835590244272
-75.71523406478785,6.336888501852027
-75.7084485801368,6.336888501852027
-75.70166309548576,6.336888501852027
-75.69487761083471,6.336888501852027
-75.68809212618366,6.336888501852027
-75.68130664153261,6.336888501852027
-75.67452115688158,6.336888501852027
-75.66773567223053,6.336888501852027
-75.66095018757949,6.336888501852027
-75.65416470292844,6.336888501852027
-75.71862680711337,6.334941413459783
-75.71184132246233,6.334941413459783
-75.70505583781129,6.334941413459783
-75.69827035316024,6.334941413459783
-75.69148486850919,6.334941413459783
-75.68469938385815,6.334941413459783
-75.6779138992071,6.334941413459783
-75.67112841455605,6.334941413459783
-75.664342929905,6.334941413459783
-75.65755744525396,6.334941413459783
-75.71523406478785,6.332994325067538
-75.7084485801368,6.332994325067538
-75.70166309548576,6.332994325067538
-75.69487761083471,6.332994325067538
-75.68809212618366,6.332994325067538
-75.68130664153261,6.332994325067538
-75.67452115688158,6.332994325067538
-75.66773567223053,6.332994325067538
-75.66095018757949,6.332994325067538
-75.65416470292844,6.332994325067538
-75.71862680711337,6.331047236675293
-75.71184132246233,6.331047236675293
-75.70505583781129,6.331047236675293
-75.69827035316024,6.331047236675293
-75.69148486850919,6.331047236675293
-75.68469938385815,6.331047236675293
-75.6779138992071,6.331047236675293
-75.67112841455605,6.331047236675293
-75.664342929905,6.331047236675293
-75.65755744525396,6.331047236675293
-75.65077196060291,6.331047236675293
-75.71523406478785,6.3291001482830485
-75.7084485801368,6.3291001482830485
-75.70166309548576,6.3291001482830485
-75.69487761083471,6.3291001482830485
-75.68809212618366,6.3291001482830485
-75.68130664153261,6.3291001482830485
-75.67452115688158,6.3291001482830485
-75.66773567223053,6.3291001482830485
-75.66095018757949,6.3291001482830485
-75.65416470292844,6.3291001482830485
-75.6473792182774,6.3291001482830485
-75.71862680711337,6.3271530598908035
-75.71184132246233,6.3271530598908035
-75.70505583781129,6.3271530598908035
-75.69827035316024,6.3271530598908035
-75.69148486850919,6.3271530598908035
-75.68469938385815,6.3271530598908035
-75.6779138992071,6.3271530598908035
-75.67112841455605,6.3271530598908035
-75.664342929905,6.3271530598908035
-75.65755744525396,6.3271530598908035
-75.65077196060291,6.3271530598908035
-75.64398647595186,6.3271530598908035
-75.71523406478785,6.325205971498559
-75.7084485801368,6.325205971498559
-75.70166309548576,6.325205971498559
-75.69487761083471,6.325205971498559
-75.68809212618366,6.325205971498559
-75.68130664153261,6.325205971498559
-75.67452115688158,6.325205971498559
-75.66773567223053,6.325205971498559
-75.66095018757949,6.325205971498559
-75.65416470292844,6.325205971498559
-75.6473792182774,6.325205971498559
-75.71862680711337,6.323258883106314
-75.71184132246233,6.323258883106314
-75.70505583781129,6.323258883106314
-75.69827035316024,6.323258883106314
-75.69148486850919,6.323258883106314
-75.68469938385815,6.323258883106314
-75.6779138992071,6.323258883106314
-75.67112841455605,6.323258883106314
-75.664342929905,6.323258883106314
-75.65755744525396,6.323258883106314
-75.65077196060291,6.323258883106314
-75.64398647595186,6.323258883106314
-75.63720099130082,6.323258883106314
-75.71523406478785,6.32131179471407
-75.7084485801368,6.32131179471407
-75.70166309548576,6.32131179471407
-75.69487761083471,6.32131179471407
-75.68809212618366,6.32131179471407
-75.68130664153261,6.32131179471407
-75.67452115688158,6.32131179471407
-75.66773567223053,6.32131179471407
-75.66095018757949,6.32131179471407
-75.65416470292844,6.32131179471407
-75.6473792182774,6.32131179471407
-75.64059373362635,6.32131179471407
-75.71184132246233,6.319364706321825
-75.70505583781129,6.319364706321825
-75.69827035316024,6.319364706321825
-75.69148486850919,6.319364706321825
-75.68469938385815,6.319364706321825
-75.6779138992071,6.319364706321825
-75.67112841455605,6.319364706321825
-75.664342929905,6.319364706321825
-75.65755744525396,6.319364706321825
-75.65077196060291,6.319364706321825
-75.64398647595186,6.319364706321825
-75.63720099130082,6.319364706321825
-75.71523406478785,6.317417617929581
-75.7084485801368,6.317417617929581
-75.70166309548576,6.317417617929581
-75.69487761083471,6.317417617929581
-75.68809212618366,6.317417617929581
-75.68130664153261,6.317417617929581
-75.67452115688158,6.317417617929581
-75.66773567223053,6.317417617929581
-75.66095018757949,6.317417617929581
-75.65416470292844,6.317417617929581
-75.6473792182774,6.317417617929581
-75.64059373362635,6.317417617929581
-75.6338082489753,6.317417617929581
-75.71184132246233,6.315470529537336
-75.70505583781129,6.315470529537336
-75.69827035316024,6.315470529537336
-75.69148486850919,6.315470529537336
-75.68469938385815,6.315470529537336
-75.6779138992071,6.315470529537336
-75.67112841455605,6.315470529537336
-75.664342929905,6.315470529537336
-75.65755744525396,6.315470529537336
-75.65077196060291,6.315470529537336
-75.64398647595186,6.315470529537336
-75.63720099130082,6.315470529537336
-75.63041550664978,6.315470529537336
-75.62363002199874,6.315470529537336
-75.61005905269664,6.315470529537336
-75.56595340246484,6.313523441145092
-75.5591679178138,6.313523441145092
-75.7084485801368,6.313523441145092
-75.70166309548576,6.313523441145092
-75.69487761083471,6.313523441145092
-75.68809212618366,6.313523441145092
-75.68130664153261,6.313523441145092
-75.67452115688158,6.313523441145092
-75.66773567223053,6.313523441145092
-75.66095018757949,6.313523441145092
-75.65416470292844,6.313523441145092
-75.6473792182774,6.313523441145092
-75.64059373362635,6.313523441145092
-75.6338082489753,6.313523441145092
-75.62702276432425,6.313523441145092
-75.6202372796732,6.313523441145092
-75.61345179502216,6.313523441145092
-75.60666631037111,6.313523441145092
-75.56934614479036,6.311576352752847
-75.56256066013931,6.311576352752847
-75.55577517548828,6.311576352752847
-75.71184132246233,6.311576352752847
-75.70505583781129,6.311576352752847
-75.69827035316024,6.311576352752847
-75.69148486850919,6.311576352752847
-75.68469938385815,6.311576352752847
-75.6779138992071,6.311576352752847
-75.67112841455605,6.311576352752847
-75.664342929905,6.311576352752847
-75.65755744525396,6.311576352752847
-75.65077196060291,6.311576352752847
-75.64398647595186,6.311576352752847
-75.63720099130082,6.311576352752847
-75.63041550664978,6.311576352752847
-75.62363002199874,6.311576352752847
-75.61684453734769,6.311576352752847
-75.61005905269664,6.311576352752847
-75.5761316294414,6.311576352752847
-75.57273888711589,6.309629264360602
-75.56595340246484,6.309629264360602
-75.5591679178138,6.309629264360602
-75.7084485801368,6.309629264360602
-75.70166309548576,6.309629264360602
-75.69487761083471,6.309629264360602
-75.68809212618366,6.309629264360602
-75.68130664153261,6.309629264360602
-75.67452115688158,6.309629264360602
-75.66773567223053,6.309629264360602
-75.66095018757949,6.309629264360602
-75.65416470292844,6.309629264360602
-75.6473792182774,6.309629264360602
-75.64059373362635,6.309629264360602
-75.6338082489753,6.309629264360602
-75.62702276432425,6.309629264360602
-75.6202372796732,6.309629264360602
-75.61345179502216,6.309629264360602
-75.60666631037111,6.309629264360602
-75.59988082572006,6.309629264360602
-75.59309534106903,6.309629264360602
-75.58630985641798,6.309629264360602
-75.57952437176694,6.309629264360602
-75.56934614479036,6.307682175968358
-75.56256066013931,6.307682175968358
-75.55577517548828,6.307682175968358
-75.54898969083723,6.307682175968358
-75.71184132246233,6.307682175968358
-75.70505583781129,6.307682175968358
-75.69827035316024,6.307682175968358
-75.69148486850919,6.307682175968358
-75.68469938385815,6.307682175968358
-75.6779138992071,6.307682175968358
-75.67112841455605,6.307682175968358
-75.664342929905,6.307682175968358
-75.65755744525396,6.307682175968358
-75.65077196060291,6.307682175968358
-75.64398647595186,6.307682175968358
-75.63720099130082,6.307682175968358
-75.63041550664978,6.307682175968358
-75.62363002199874,6.307682175968358
-75.61684453734769,6.307682175968358
-75.61005905269664,6.307682175968358
-75.6032735680456,6.307682175968358
-75.59648808339455,6.307682175968358
-75.5897025987435,6.307682175968358
-75.58291711409245,6.307682175968358
-75.5761316294414,6.307682175968358
-75.57273888711589,6.305735087576113
-75.56595340246484,6.305735087576113
-75.5591679178138,6.305735087576113
-75.55238243316275,6.305735087576113
-75.5455969485117,6.305735087576113
-75.7084485801368,6.305735087576113
-75.70166309548576,6.305735087576113
-75.69487761083471,6.305735087576113
-75.68809212618366,6.305735087576113
-75.68130664153261,6.305735087576113
-75.67452115688158,6.305735087576113
-75.66773567223053,6.305735087576113
-75.66095018757949,6.305735087576113
-75.65416470292844,6.305735087576113
-75.6473792182774,6.305735087576113
-75.64059373362635,6.305735087576113
-75.6338082489753,6.305735087576113
-75.62702276432425,6.305735087576113
-75.6202372796732,6.305735087576113
-75.61345179502216,6.305735087576113
-75.60666631037111,6.305735087576113
-75.59988082572006,6.305735087576113
-75.59309534106903,6.305735087576113
-75.58630985641798,6.305735087576113
-75.57952437176694,6.305735087576113
-75.5761316294414,6.303787999183869
-75.56934614479036,6.303787999183869
-75.56256066013931,6.303787999183869
-75.55577517548828,6.303787999183869
-75.54898969083723,6.303787999183869
-75.54220420618618,6.303787999183869
-75.70505583781129,6.303787999183869
-75.69827035316024,6.303787999183869
-75.69148486850919,6.303787999183869
-75.68469938385815,6.303787999183869
-75.6779138992071,6.303787999183869
-75.67112841455605,6.303787999183869
-75.664342929905,6.303787999183869
-75.65755744525396,6.303787999183869
-75.65077196060291,6.303787999183869
-75.64398647595186,6.303787999183869
-75.63720099130082,6.303787999183869
-75.63041550664978,6.303787999183869
-75.62363002199874,6.303787999183869
-75.61684453734769,6.303787999183869
-75.61005905269664,6.303787999183869
-75.6032735680456,6.303787999183869
-75.59648808339455,6.303787999183869
-75.5897025987435,6.303787999183869
-75.58291711409245,6.303787999183869
-75.57273888711589,6.301840910791624
-75.56595340246484,6.301840910791624
-75.5591679178138,6.301840910791624
-75.55238243316275,6.301840910791624
-75.5455969485117,6.301840910791624
-75.53881146386065,6.301840910791624
-75.5320259792096,6.301840910791624
-75.7084485801368,6.301840910791624
-75.70166309548576,6.301840910791624
-75.69487761083471,6.301840910791624
-75.68809212618366,6.301840910791624
-75.68130664153261,6.301840910791624
-75.67452115688158,6.301840910791624
-75.66773567223053,6.301840910791624
-75.66095018757949,6.301840910791624
-75.65416470292844,6.301840910791624
-75.6473792182774,6.301840910791624
-75.64059373362635,6.301840910791624
-75.6338082489753,6.301840910791624
-75.62702276432425,6.301840910791624
-75.6202372796732,6.301840910791624
-75.61345179502216,6.301840910791624
-75.60666631037111,6.301840910791624
-75.59988082572006,6.301840910791624
-75.59309534106903,6.301840910791624
-75.58630985641798,6.301840910791624
-75.57952437176694,6.301840910791624
-75.5761316294414,6.29989382239938
-75.56934614479036,6.29989382239938
-75.56256066013931,6.29989382239938
-75.55577517548828,6.29989382239938
-75.54898969083723,6.29989382239938
-75.54220420618618,6.29989382239938
-75.53541872153514,6.29989382239938
-75.515062267582,6.29989382239938
-75.50827678293095,6.29989382239938
-75.70505583781129,6.29989382239938
-75.69827035316024,6.29989382239938
-75.69148486850919,6.29989382239938
-75.68469938385815,6.29989382239938
-75.6779138992071,6.29989382239938
-75.67112841455605,6.29989382239938
-75.664342929905,6.29989382239938
-75.65755744525396,6.29989382239938
-75.65077196060291,6.29989382239938
-75.64398647595186,6.29989382239938
-75.63720099130082,6.29989382239938
-75.63041550664978,6.29989382239938
-75.62363002199874,6.29989382239938
-75.61684453734769,6.29989382239938
-75.61005905269664,6.29989382239938
-75.6032735680456,6.29989382239938
-75.59648808339455,6.29989382239938
-75.5897025987435,6.29989382239938
-75.58291711409245,6.29989382239938
-75.57952437176694,6.297946734007135
-75.57273888711589,6.297946734007135
-75.56595340246484,6.297946734007135
-75.5591679178138,6.297946734007135
-75.55238243316275,6.297946734007135
-75.5455969485117,6.297946734007135
-75.53881146386065,6.297946734007135
-75.5320259792096,6.297946734007135
-75.51845500990751,6.297946734007135
-75.51166952525648,6.297946734007135
-75.50488404060543,6.297946734007135
-75.7084485801368,6.297946734007135
-75.70166309548576,6.297946734007135
-75.69487761083471,6.297946734007135
-75.68809212618366,6.297946734007135
-75.68130664153261,6.297946734007135
-75.67452115688158,6.297946734007135
-75.66773567223053,6.297946734007135
-75.66095018757949,6.297946734007135
-75.65416470292844,6.297946734007135
-75.6473792182774,6.297946734007135
-75.64059373362635,6.297946734007135
-75.6338082489753,6.297946734007135
-75.62702276432425,6.297946734007135
-75.6202372796732,6.297946734007135
-75.61345179502216,6.297946734007135
-75.60666631037111,6.297946734007135
-75.59988082572006,6.297946734007135
-75.59309534106903,6.297946734007135
-75.58630985641798,6.297946734007135
-75.5761316294414,6.295999645614891
-75.56934614479036,6.295999645614891
-75.56256066013931,6.295999645614891
-75.55577517548828,6.295999645614891
-75.54898969083723,6.295999645614891
-75.54220420618618,6.295999645614891
-75.53541872153514,6.295999645614891
-75.52863323688409,6.295999645614891
-75.52184775223304,6.295999645614891
-75.515062267582,6.295999645614891
-75.50827678293095,6.295999645614891
-75.5014912982799,6.295999645614891
-75.70505583781129,6.295999645614891
-75.69827035316024,6.295999645614891
-75.69148486850919,6.295999645614891
-75.68469938385815,6.295999645614891
-75.6779138992071,6.295999645614891
-75.67112841455605,6.295999645614891
-75.664342929905,6.295999645614891
-75.65755744525396,6.295999645614891
-75.65077196060291,6.295999645614891
-75.64398647595186,6.295999645614891
-75.63720099130082,6.295999645614891
-75.63041550664978,6.295999645614891
-75.62363002199874,6.295999645614891
-75.61684453734769,6.295999645614891
-75.61005905269664,6.295999645614891
-75.6032735680456,6.295999645614891
-75.59648808339455,6.295999645614891
-75.5897025987435,6.295999645614891
-75.58291711409245,6.295999645614891
-75.57952437176694,6.294052557222646
-75.57273888711589,6.294052557222646
-75.56595340246484,6.294052557222646
-75.5591679178138,6.294052557222646
-75.55238243316275,6.294052557222646
-75.5455969485117,6.294052557222646
-75.53881146386065,6.294052557222646
-75.5320259792096,6.294052557222646
-75.51845500990751,6.294052557222646
-75.51166952525648,6.294052557222646
-75.50488404060543,6.294052557222646
-75.7084485801368,6.294052557222646
-75.70166309548576,6.294052557222646
-75.69487761083471,6.294052557222646
-75.68809212618366,6.294052557222646
-75.68130664153261,6.294052557222646
-75.67452115688158,6.294052557222646
-75.66773567223053,6.294052557222646
-75.66095018757949,6.294052557222646
-75.65416470292844,6.294052557222646
-75.6473792182774,6.294052557222646
-75.64059373362635,6.294052557222646
-75.6338082489753,6.294052557222646
-75.62702276432425,6.294052557222646
-75.6202372796732,6.294052557222646
-75.61345179502216,6.294052557222646
-75.60666631037111,6.294052557222646
-75.59988082572006,6.294052557222646
-75.59309534106903,6.294052557222646
-75.58630985641798,6.294052557222646
-75.58291711409245,6.2921054688304014
-75.5761316294414,6.2921054688304014
-75.56934614479036,6.2921054688304014
-75.56256066013931,6.2921054688304014
-75.55577517548828,6.2921054688304014
-75.54898969083723,6.2921054688304014
-75.54220420618618,6.2921054688304014
-75.53541872153514,6.2921054688304014
-75.52863323688409,6.2921054688304014
-75.52184775223304,6.2921054688304014
-75.515062267582,6.2921054688304014
-75.50827678293095,6.2921054688304014
-75.5014912982799,6.2921054688304014
-75.70505583781129,6.2921054688304014
-75.69827035316024,6.2921054688304014
-75.69148486850919,6.2921054688304014
-75.68469938385815,6.2921054688304014
-75.6779138992071,6.2921054688304014
-75.67112841455605,6.2921054688304014
-75.664342929905,6.2921054688304014
-75.65755744525396,6.2921054688304014
-75.65077196060291,6.2921054688304014
-75.64398647595186,6.2921054688304014
-75.63720099130082,6.2921054688304014
-75.63041550664978,6.2921054688304014
-75.62363002199874,6.2921054688304014
-75.61684453734769,6.2921054688304014
-75.61005905269664,6.2921054688304014
-75.6032735680456,6.2921054688304014
-75.59648808339455,6.2921054688304014
-75.5897025987435,6.2921054688304014
-75.57952437176694,6.2901583804381564
-75.57273888711589,6.2901583804381564
-75.56595340246484,6.2901583804381564
-75.5591679178138,6.2901583804381564
-75.55238243316275,6.2901583804381564
-75.5455969485117,6.2901583804381564
-75.53881146386065,6.2901583804381564
-75.5320259792096,6.2901583804381564
-75.52524049455856,6.2901583804381564
-75.51845500990751,6.2901583804381564
-75.51166952525648,6.2901583804381564
-75.50488404060543,6.2901583804381564
-75.49809855595439,6.2901583804381564
-75.7084485801368,6.2901583804381564
-75.70166309548576,6.2901583804381564
-75.69487761083471,6.2901583804381564
-75.68809212618366,6.2901583804381564
-75.68130664153261,6.2901583804381564
-75.67452115688158,6.2901583804381564
-75.66773567223053,6.2901583804381564
-75.66095018757949,6.2901583804381564
-75.65416470292844,6.2901583804381564
-75.6473792182774,6.2901583804381564
-75.64059373362635,6.2901583804381564
-75.6338082489753,6.2901583804381564
-75.62702276432425,6.2901583804381564
-75.6202372796732,6.2901583804381564
-75.61345179502216,6.2901583804381564
-75.60666631037111,6.2901583804381564
-75.59988082572006,6.2901583804381564
-75.59309534106903,6.2901583804381564
-75.58630985641798,6.2901583804381564
-75.58291711409245,6.2882112920459114
-75.5761316294414,6.2882112920459114
-75.56934614479036,6.2882112920459114
-75.56256066013931,6.2882112920459114
-75.55577517548828,6.2882112920459114
-75.54898969083723,6.2882112920459114
-75.54220420618618,6.2882112920459114
-75.53541872153514,6.2882112920459114
-75.52863323688409,6.2882112920459114
-75.52184775223304,6.2882112920459114
-75.515062267582,6.2882112920459114
-75.50827678293095,6.2882112920459114
-75.5014912982799,6.2882112920459114
-75.70505583781129,6.2882112920459114
-75.69827035316024,6.2882112920459114
-75.69148486850919,6.2882112920459114
-75.68469938385815,6.2882112920459114
-75.6779138992071,6.2882112920459114
-75.67112841455605,6.2882112920459114
-75.664342929905,6.2882112920459114
-75.65755744525396,6.2882112920459114
-75.65077196060291,6.2882112920459114
-75.64398647595186,6.2882112920459114
-75.63720099130082,6.2882112920459114
-75.63041550664978,6.2882112920459114
-75.62363002199874,6.2882112920459114
-75.61684453734769,6.2882112920459114
-75.61005905269664,6.2882112920459114
-75.6032735680456,6.2882112920459114
-75.59648808339455,6.2882112920459114
-75.5897025987435,6.2882112920459114
-75.58630985641798,6.286264203653667
-75.57952437176694,6.286264203653667
-75.57273888711589,6.286264203653667
-75.56595340246484,6.286264203653667
-75.5591679178138,6.286264203653667
-75.55238243316275,6.286264203653667
-75.5455969485117,6.286264203653667
-75.53881146386065,6.286264203653667
-75.5320259792096,6.286264203653667
-75.52524049455856,6.286264203653667
-75.51845500990751,6.286264203653667
-75.51166952525648,6.286264203653667
-75.50488404060543,6.286264203653667
-75.49809855595439,6.286264203653667
-75.7084485801368,6.286264203653667
-75.70166309548576,6.286264203653667
-75.69487761083471,6.286264203653667
-75.68809212618366,6.286264203653667
-75.68130664153261,6.286264203653667
-75.67452115688158,6.286264203653667
-75.66773567223053,6.286264203653667
-75.66095018757949,6.286264203653667
-75.65416470292844,6.286264203653667
-75.6473792182774,6.286264203653667
-75.64059373362635,6.286264203653667
-75.6338082489753,6.286264203653667
-75.62702276432425,6.286264203653667
-75.6202372796732,6.286264203653667
-75.61345179502216,6.286264203653667
-75.60666631037111,6.286264203653667
-75.59988082572006,6.286264203653667
-75.59309534106903,6.286264203653667
-75.58291711409245,6.284317115261422
-75.5761316294414,6.284317115261422
-75.56934614479036,6.284317115261422
-75.56256066013931,6.284317115261422
-75.55577517548828,6.284317115261422
-75.54898969083723,6.284317115261422
-75.54220420618618,6.284317115261422
-75.53541872153514,6.284317115261422
-75.52863323688409,6.284317115261422
-75.52184775223304,6.284317115261422
-75.515062267582,6.284317115261422
-75.50827678293095,6.284317115261422
-75.5014912982799,6.284317115261422
-75.49470581362885,6.284317115261422
-75.70505583781129,6.284317115261422
-75.69827035316024,6.284317115261422
-75.69148486850919,6.284317115261422
-75.68469938385815,6.284317115261422
-75.6779138992071,6.284317115261422
-75.67112841455605,6.284317115261422
-75.664342929905,6.284317115261422
-75.65755744525396,6.284317115261422
-75.65077196060291,6.284317115261422
-75.64398647595186,6.284317115261422
-75.63720099130082,6.284317115261422
-75.63041550664978,6.284317115261422
-75.62363002199874,6.284317115261422
-75.61684453734769,6.284317115261422
-75.61005905269664,6.284317115261422
-75.6032735680456,6.284317115261422
-75.59648808339455,6.284317115261422
-75.5897025987435,6.284317115261422
-75.58630985641798,6.282370026869178
-75.57952437176694,6.282370026869178
-75.57273888711589,6.282370026869178
-75.56595340246484,6.282370026869178
-75.5591679178138,6.282370026869178
-75.55238243316275,6.282370026869178
-75.5455969485117,6.282370026869178
-75.53881146386065,6.282370026869178
-75.5320259792096,6.282370026869178
-75.52524049455856,6.282370026869178
-75.51845500990751,6.282370026869178
-75.51166952525648,6.282370026869178
-75.50488404060543,6.282370026869178
-75.49809855595439,6.282370026869178
-75.7084485801368,6.282370026869178
-75.70166309548576,6.282370026869178
-75.69487761083471,6.282370026869178
-75.68809212618366,6.282370026869178
-75.68130664153261,6.282370026869178
-75.67452115688158,6.282370026869178
-75.66773567223053,6.282370026869178
-75.66095018757949,6.282370026869178
-75.65416470292844,6.282370026869178
-75.6473792182774,6.282370026869178
-75.64059373362635,6.282370026869178
-75.6338082489753,6.282370026869178
-75.62702276432425,6.282370026869178
-75.6202372796732,6.282370026869178
-75.61345179502216,6.282370026869178
-75.60666631037111,6.282370026869178
-75.59988082572006,6.282370026869178
-75.59309534106903,6.282370026869178
-75.5897025987435,6.280422938476933
-75.58291711409245,6.280422938476933
-75.5761316294414,6.280422938476933
-75.56934614479036,6.280422938476933
-75.56256066013931,6.280422938476933
-75.55577517548828,6.280422938476933
-75.54898969083723,6.280422938476933
-75.54220420618618,6.280422938476933
-75.53541872153514,6.280422938476933
-75.52863323688409,6.280422938476933
-75.52184775223304,6.280422938476933
-75.515062267582,6.280422938476933
-75.50827678293095,6.280422938476933
-75.5014912982799,6.280422938476933
-75.49470581362885,6.280422938476933
-75.70505583781129,6.280422938476933
-75.69827035316024,6.280422938476933
-75.69148486850919,6.280422938476933
-75.68469938385815,6.280422938476933
-75.6779138992071,6.280422938476933
-75.67112841455605,6.280422938476933
-75.664342929905,6.280422938476933
-75.65755744525396,6.280422938476933
-75.65077196060291,6.280422938476933
-75.64398647595186,6.280422938476933
-75.63720099130082,6.280422938476933
-75.63041550664978,6.280422938476933
-75.62363002199874,6.280422938476933
-75.61684453734769,6.280422938476933
-75.61005905269664,6.280422938476933
-75.6032735680456,6.280422938476933
-75.59648808339455,6.280422938476933
-75.58630985641798,6.278475850084689
-75.57952437176694,6.278475850084689
-75.57273888711589,6.278475850084689
-75.56595340246484,6.278475850084689
-75.5591679178138,6.278475850084689
-75.55238243316275,6.278475850084689
-75.5455969485117,6.278475850084689
-75.53881146386065,6.278475850084689
-75.5320259792096,6.278475850084689
-75.52524049455856,6.278475850084689
-75.51845500990751,6.278475850084689
-75.51166952525648,6.278475850084689
-75.50488404060543,6.278475850084689
-75.49809855595439,6.278475850084689
-75.7084485801368,6.278475850084689
-75.70166309548576,6.278475850084689
-75.69487761083471,6.278475850084689
-75.68809212618366,6.278475850084689
-75.68130664153261,6.278475850084689
-75.67452115688158,6.278475850084689
-75.66773567223053,6.278475850084689
-75.66095018757949,6.278475850084689
-75.65416470292844,6.278475850084689
-75.6473792182774,6.278475850084689
-75.64059373362635,6.278475850084689
-75.6338082489753,6.278475850084689
-75.62702276432425,6.278475850084689
-75.6202372796732,6.278475850084689
-75.61345179502216,6.278475850084689
-75.60666631037111,6.278475850084689
-75.59988082572006,6.278475850084689
-75.59309534106903,6.278475850084689
-75.5897025987435,6.276528761692444
-75.58291711409245,6.276528761692444
-75.5761316294414,6.276528761692444
-75.56934614479036,6.276528761692444
-75.56256066013931,6.276528761692444
-75.55577517548828,6.276528761692444
-75.54898969083723,6.276528761692444
-75.54220420618618,6.276528761692444
-75.53541872153514,6.276528761692444
-75.52863323688409,6.276528761692444
-75.52184775223304,6.276528761692444
-75.515062267582,6.276528761692444
-75.50827678293095,6.276528761692444
-75.5014912982799,6.276528761692444
-75.49470581362885,6.276528761692444
-75.70505583781129,6.276528761692444
-75.69827035316024,6.276528761692444
-75.69148486850919,6.276528761692444
-75.68469938385815,6.276528761692444
-75.6779138992071,6.276528761692444
-75.67112841455605,6.276528761692444
-75.664342929905,6.276528761692444
-75.65755744525396,6.276528761692444
-75.65077196060291,6.276528761692444
-75.64398647595186,6.276528761692444
-75.63720099130082,6.276528761692444
-75.63041550664978,6.276528761692444
-75.62363002199874,6.276528761692444
-75.61684453734769,6.276528761692444
-75.61005905269664,6.276528761692444
-75.6032735680456,6.276528761692444
-75.59648808339455,6.276528761692444
-75.59309534106903,6.2745816733002
-75.58630985641798,6.2745816733002
-75.57952437176694,6.2745816733002
-75.57273888711589,6.2745816733002
-75.56595340246484,6.2745816733002
-75.5591679178138,6.2745816733002
-75.55238243316275,6.2745816733002
-75.5455969485117,6.2745816733002
-75.53881146386065,6.2745816733002
-75.5320259792096,6.2745816733002
-75.52524049455856,6.2745816733002
-75.51845500990751,6.2745816733002
-75.51166952525648,6.2745816733002
-75.50488404060543,6.2745816733002
-75.49809855595439,6.2745816733002
-75.49131307130334,6.2745816733002
-75.7084485801368,6.2745816733002
-75.70166309548576,6.2745816733002
-75.69487761083471,6.2745816733002
-75.68809212618366,6.2745816733002
-75.68130664153261,6.2745816733002
-75.67452115688158,6.2745816733002
-75.66773567223053,6.2745816733002
-75.66095018757949,6.2745816733002
-75.65416470292844,6.2745816733002
-75.6473792182774,6.2745816733002
-75.64059373362635,6.2745816733002
-75.6338082489753,6.2745816733002
-75.62702276432425,6.2745816733002
-75.6202372796732,6.2745816733002
-75.61345179502216,6.2745816733002
-75.60666631037111,6.2745816733002
-75.59988082572006,6.2745816733002
-75.5897025987435,6.272634584907955
-75.58291711409245,6.272634584907955
-75.5761316294414,6.272634584907955
-75.56934614479036,6.272634584907955
-75.56256066013931,6.272634584907955
-75.55577517548828,6.272634584907955
-75.54898969083723,6.272634584907955
-75.54220420618618,6.272634584907955
-75.53541872153514,6.272634584907955
-75.52863323688409,6.272634584907955
-75.52184775223304,6.272634584907955
-75.515062267582,6.272634584907955
-75.50827678293095,6.272634584907955
-75.5014912982799,6.272634584907955
-75.49470581362885,6.272634584907955
-75.70505583781129,6.272634584907955
-75.69827035316024,6.272634584907955
-75.69148486850919,6.272634584907955
-75.68469938385815,6.272634584907955
-75.6779138992071,6.272634584907955
-75.67112841455605,6.272634584907955
-75.664342929905,6.272634584907955
-75.65755744525396,6.272634584907955
-75.65077196060291,6.272634584907955
-75.64398647595186,6.272634584907955
-75.63720099130082,6.272634584907955
-75.63041550664978,6.272634584907955
-75.62363002199874,6.272634584907955
-75.61684453734769,6.272634584907955
-75.61005905269664,6.272634584907955
-75.6032735680456,6.272634584907955
-75.59648808339455,6.272634584907955
-75.59309534106903,6.270687496515711
-75.58630985641798,6.270687496515711
-75.57952437176694,6.270687496515711
-75.57273888711589,6.270687496515711
-75.56595340246484,6.270687496515711
-75.5591679178138,6.270687496515711
-75.55238243316275,6.270687496515711
-75.5455969485117,6.270687496515711
-75.53881146386065,6.270687496515711
-75.5320259792096,6.270687496515711
-75.52524049455856,6.270687496515711
-75.51845500990751,6.270687496515711
-75.51166952525648,6.270687496515711
-75.50488404060543,6.270687496515711
-75.49809855595439,6.270687496515711
-75.7084485801368,6.270687496515711
-75.70166309548576,6.270687496515711
-75.69487761083471,6.270687496515711
-75.68809212618366,6.270687496515711
-75.68130664153261,6.270687496515711
-75.67452115688158,6.270687496515711
-75.66773567223053,6.270687496515711
-75.66095018757949,6.270687496515711
-75.65416470292844,6.270687496515711
-75.6473792182774,6.270687496515711
-75.64059373362635,6.270687496515711
-75.6338082489753,6.270687496515711
-75.62702276432425,6.270687496515711
-75.6202372796732,6.270687496515711
-75.61345179502216,6.270687496515711
-75.60666631037111,6.270687496515711
-75.59988082572006,6.270687496515711
